ELU-STR;;;;;;;;;;;;;;;;;;;;
;;;;;;;;;;;;;;;;;;;;
Enveloppe : Réactions aux appuis;;;;;;;;;;;;;;;;;;;;
Groupe : Points hors groupes typés (Repère global);;;;;;;;;;;;;;;;;;;;
Point;Nom point;RFxmin;Cas;RFxmax;Cas;RFymin;Cas;RFymax;Cas;RFzmin;Cas;RFzmax;Cas;;;;;;;
-;-;daN;-;daN;-;daN;-;daN;-;daN;-;daN;-;;;;;;;
88;B_1;0;124: 1.35G+1.5W5;0;116: 1.35G+1.5W4;-3382;153: 1.35G+1.5W8+1.5Q+0.75S;609;257: G+1.5W2;4400;305: G+1.5W8;21248;52: 1.35G+1.5S+1.5Q+0.9W5;;;;;;;
89;C_1;0;289: G+1.5W6;0;133: 1.35G+1.5W6+1.5Q;-7197;306: G+1.5W8+1.5Q;6879;94: 1.35G+1.5W+0.75S;4993;305: G+1.5W8;21913;52: 1.35G+1.5S+1.5Q+0.9W5;;;;;;;
90;D_1;0;137: 1.35G+1.5W6+1.5Q+0.75S;0;99: 1.35G+1.5W+1.5Q+0.75S3;-19;306: G+1.5W8+1.5Q;15;94: 1.35G+1.5W+0.75S;5153;273: G+1.5W4;22188;52: 1.35G+1.5S+1.5Q+0.9W5;;;;;;;
91;E_1;0;151: 1.35G+1.5W8+0.75S2;0;253: G+1.5W+0.75S3;-4953;305: G+1.5W8;3851;97: 1.35G+1.5W+1.5Q+0.75S;5362;274: G+1.5W4+1.5Q;22505;46: 1.35G+1.5S+0.9W7;;;;;;;
92;F_1;0;264: G+1.5W2+1.5Q+0.75S3;0;154: 1.35G+1.5W8+1.5Q+0.75S2;-13;298: G+1.5W7+1.5Q;13;126: 1.35G+1.5W5+0.75S;5353;273: G+1.5W4;22440;54: 1.35G+1.5S+1.5Q+0.9W7;;;;;;;
93;G_1;0;134: 1.35G+1.5W6+0.75S;0;99: 1.35G+1.5W+1.5Q+0.75S3;-3718;97: 1.35G+1.5W+1.5Q+0.75S;4858;289: G+1.5W6;5266;274: G+1.5W4+1.5Q;22511;44: 1.35G+1.5S+0.9W5;;;;;;;
94;H_1;0;97: 1.35G+1.5W+1.5Q+0.75S;0;280: G+1.5W4+1.5Q+0.75S3;-15;97: 1.35G+1.5W+1.5Q+0.75S;18;289: G+1.5W6;5153;273: G+1.5W4;22188;54: 1.35G+1.5S+1.5Q+0.9W7;;;;;;;
95;I_1;0;135: 1.35G+1.5W6+0.75S2;0;256: G+1.5W+1.5Q+0.75S3;-6842;94: 1.35G+1.5W+0.75S;7148;290: G+1.5W6+1.5Q;4975;289: G+1.5W6;21929;54: 1.35G+1.5S+1.5Q+0.9W7;;;;;;;
96;J_1;0;254: G+1.5W+1.5Q+0.75S;0;150: 1.35G+1.5W8+0.75S;-625;257: G+1.5W2;3387;137: 1.35G+1.5W6+1.5Q+0.75S;4411;289: G+1.5W6;21232;54: 1.35G+1.5S+1.5Q+0.9W7;;;;;;;
306;K_1;0;257: G+1.5W2;17;137: 1.35G+1.5W6+1.5Q+0.75S;-68;121: 1.35G+1.5W4+1.5Q+0.75S;42;281: G+1.5W5;218;274: G+1.5W4+1.5Q;1049;58: 1.35G+1.5S2+0.9W;;;;;;;
309;A_1;0;257: G+1.5W2;17;153: 1.35G+1.5W8+1.5Q+0.75S;-42;297: G+1.5W7;68;121: 1.35G+1.5W4+1.5Q+0.75S;218;274: G+1.5W4+1.5Q;1050;58: 1.35G+1.5S2+0.9W;;;;;;;
305;K_2;1;257: G+1.5W2;13;137: 1.35G+1.5W6+1.5Q+0.75S;-116;122: 1.35G+1.5W4+1.5Q+0.75S2;87;281: G+1.5W5;180;290: G+1.5W6+1.5Q;1492;64: 1.35G+1.5S2+0.9W7;;;;;;;
308;A_2;1;257: G+1.5W2;13;153: 1.35G+1.5W8+1.5Q+0.75S;-86;297: G+1.5W7;115;122: 1.35G+1.5W4+1.5Q+0.75S2;178;306: G+1.5W8+1.5Q;1491;62: 1.35G+1.5S2+0.9W5;;;;;;;
304;K_3;-4335;132: 1.35G+1.5W6;5435;254: G+1.5W+1.5Q+0.75S;-761;122: 1.35G+1.5W4+1.5Q+0.75S2;905;285: G+1.5W5+0.75S3;867;290: G+1.5W6+1.5Q;2399;58: 1.35G+1.5S2+0.9W;;;;;;;
307;A_3;-3995;148: 1.35G+1.5W8;4856;254: G+1.5W+1.5Q+0.75S;-921;301: G+1.5W7+0.75S3;771;122: 1.35G+1.5W4+1.5Q+0.75S2;868;306: G+1.5W8+1.5Q;2398;58: 1.35G+1.5S2+0.9W;;;;;;;
4;A_4;-2313;305: G+1.5W8;3842;97: 1.35G+1.5W+1.5Q+0.75S;-647;299: G+1.5W7+0.75S;587;117: 1.35G+1.5W4+1.5Q;-10277;306: G+1.5W8+1.5Q;16544;94: 1.35G+1.5W+0.75S;;;;;;;
29;K_4;-2174;289: G+1.5W6;3662;97: 1.35G+1.5W+1.5Q+0.75S;-428;117: 1.35G+1.5W4+1.5Q;443;283: G+1.5W5+0.75S;-9331;290: G+1.5W6+1.5Q;14940;94: 1.35G+1.5W+0.75S;;;;;;;
5;A_5;-13;252: G+1.5W+0.75S2;14;155: 1.35G+1.5W8+1.5Q+0.75S3;-679;299: G+1.5W7+0.75S;584;117: 1.35G+1.5W4+1.5Q;1876;289: G+1.5W6;4268;48: 1.35G+1.5S+1.5Q+0.9W;;;;;;;
28;K_5;-9;252: G+1.5W+0.75S2;9;139: 1.35G+1.5W6+1.5Q+0.75S3;-415;117: 1.35G+1.5W4+1.5Q;441;283: G+1.5W5+0.75S;953;289: G+1.5W6;3061;48: 1.35G+1.5S+1.5Q+0.9W;;;;;;;
30;K_6;-2743;135: 1.35G+1.5W6+0.75S2;2461;256: G+1.5W+1.5Q+0.75S3;-417;121: 1.35G+1.5W4+1.5Q+0.75S;439;281: G+1.5W5;-10190;250: G+1.5W+1.5Q;12934;134: 1.35G+1.5W6+0.75S;;;;;;;
6;A_6;-2959;151: 1.35G+1.5W8+0.75S2;2895;256: G+1.5W+1.5Q+0.75S3;-761;297: G+1.5W7;668;121: 1.35G+1.5W4+1.5Q+0.75S;-9504;250: G+1.5W+1.5Q;17556;150: 1.35G+1.5W8+0.75S;;;;;;;
7;A_7;-17;254: G+1.5W+1.5Q+0.75S;14;148: 1.35G+1.5W8;-847;299: G+1.5W7+0.75S;717;101: 1.35G+1.5W2+1.5Q;5202;306: G+1.5W8+1.5Q;7964;80: 1.35G+1.5S3+0.9W5;;;;;;;
23;K_7;-12;254: G+1.5W+1.5Q+0.75S;9;132: 1.35G+1.5W6;-410;101: 1.35G+1.5W2+1.5Q;443;283: G+1.5W5+0.75S;1024;289: G+1.5W6;2133;54: 1.35G+1.5S+1.5Q+0.9W7;;;;;;;
8;A_8;-2968;305: G+1.5W8;5226;97: 1.35G+1.5W+1.5Q+0.75S;-642;299: G+1.5W7+0.75S;561;101: 1.35G+1.5W2+1.5Q;-7506;305: G+1.5W8;18335;97: 1.35G+1.5W+1.5Q+0.75S;;;;;;;
27;K_8;-2871;289: G+1.5W6;5293;97: 1.35G+1.5W+1.5Q+0.75S;-410;101: 1.35G+1.5W2+1.5Q;432;283: G+1.5W5+0.75S;-7595;289: G+1.5W6;17349;97: 1.35G+1.5W+1.5Q+0.75S;;;;;;;
9;A_9;-18;97: 1.35G+1.5W+1.5Q+0.75S;11;289: G+1.5W6;-640;142: 1.35G+1.5W7+0.75S;618;258: G+1.5W2+1.5Q;1912;257: G+1.5W2;3974;50: 1.35G+1.5S+1.5Q+0.9W3;;;;;;;
31;K_9;-12;97: 1.35G+1.5W+1.5Q+0.75S;7;305: G+1.5W8;-436;258: G+1.5W2+1.5Q;425;126: 1.35G+1.5W5+0.75S;1433;257: G+1.5W2;3070;50: 1.35G+1.5S+1.5Q+0.9W3;;;;;;;
10;A_10;-3569;148: 1.35G+1.5W8;4442;254: G+1.5W+1.5Q+0.75S;-687;297: G+1.5W7;964;107: 1.35G+1.5W2+1.5Q+0.75S3;-11924;255: G+1.5W+1.5Q+0.75S2;14720;132: 1.35G+1.5W6;;;;;;;
26;K_10;-3639;132: 1.35G+1.5W6;4279;255: G+1.5W+1.5Q+0.75S2;-771;107: 1.35G+1.5W2+1.5Q+0.75S3;539;281: G+1.5W5;-11618;255: G+1.5W+1.5Q+0.75S2;13805;132: 1.35G+1.5W6;;;;;;;
32;K_11;30;289: G+1.5W6;132;97: 1.35G+1.5W+1.5Q+0.75S;-7289;145: 1.35G+1.5W7+1.5Q+0.75S;984;281: G+1.5W5;170;281: G+1.5W5;21292;145: 1.35G+1.5W7+1.5Q+0.75S;;;;;;;
11;A_11;27;305: G+1.5W8;136;97: 1.35G+1.5W+1.5Q+0.75S;-1028;297: G+1.5W7;7276;129: 1.35G+1.5W5+1.5Q+0.75S;15;297: G+1.5W7;21363;137: 1.35G+1.5W6+1.5Q+0.75S;;;;;;;
36;B_11;-1114;153: 1.35G+1.5W8+1.5Q+0.75S;688;249: G+1.5W;76;257: G+1.5W2;134;52: 1.35G+1.5S+1.5Q+0.9W5;9490;305: G+1.5W8;25147;52: 1.35G+1.5S+1.5Q+0.9W5;;;;;;;
38;C_11;-1067;153: 1.35G+1.5W8+1.5Q+0.75S;908;249: G+1.5W;-5341;145: 1.35G+1.5W7+1.5Q+0.75S;2053;289: G+1.5W6;6424;289: G+1.5W6;36887;54: 1.35G+1.5S+1.5Q+0.9W7;;;;;;;
34;D_11;-978;153: 1.35G+1.5W8+1.5Q+0.75S;776;249: G+1.5W;-8;289: G+1.5W6;13;97: 1.35G+1.5W+1.5Q+0.75S;12078;257: G+1.5W2;30938;52: 1.35G+1.5S+1.5Q+0.9W5;;;;;;;
39;E_11;-1209;153: 1.35G+1.5W8+1.5Q+0.75S;1061;249: G+1.5W;-11;149: 1.35G+1.5W8+1.5Q;11;283: G+1.5W5+0.75S;14748;258: G+1.5W2+1.5Q;35586;46: 1.35G+1.5S+0.9W7;;;;;;;
35;F_11;-1079;150: 1.35G+1.5W8+0.75S;814;250: G+1.5W+1.5Q;-6;289: G+1.5W6;6;153: 1.35G+1.5W8+1.5Q+0.75S;12236;257: G+1.5W2;31003;54: 1.35G+1.5S+1.5Q+0.9W7;;;;;;;
33;G_11;-1209;137: 1.35G+1.5W6+1.5Q+0.75S;1065;249: G+1.5W;-11;299: G+1.5W7+0.75S;11;133: 1.35G+1.5W6+1.5Q;14574;258: G+1.5W2+1.5Q;35602;44: 1.35G+1.5S+0.9W5;;;;;;;
37;H_11;-980;137: 1.35G+1.5W6+1.5Q+0.75S;779;249: G+1.5W;-13;97: 1.35G+1.5W+1.5Q+0.75S;7;305: G+1.5W8;12078;257: G+1.5W2;30938;54: 1.35G+1.5S+1.5Q+0.9W7;;;;;;;
40;I_11;-1070;137: 1.35G+1.5W6+1.5Q+0.75S;912;249: G+1.5W;-2041;305: G+1.5W8;5307;129: 1.35G+1.5W5+1.5Q+0.75S;6600;305: G+1.5W8;36751;52: 1.35G+1.5S+1.5Q+0.9W5;;;;;;;
41;J_11;-1118;137: 1.35G+1.5W6+1.5Q+0.75S;693;249: G+1.5W;-134;54: 1.35G+1.5S+1.5Q+0.9W7;-77;257: G+1.5W2;9504;289: G+1.5W6;25132;54: 1.35G+1.5S+1.5Q+0.9W7;;;;;;;
;;;;;;;;;;;;;;;;;;;;
ELU-Séisme;;;;;;;;;;;;;;;;;;;;
;;;;;;;;;;;;;;;;;;;;
Enveloppe : Réactions aux appuis;;;;;;;;;;;;;;;;;;;;
Groupe : Points hors groupes typés (Repère global);;;;;;;;;;;;;;;;;;;;
Point;Nom point;RFxmin;Cas;RFxmax;Cas;RFymin;Cas;RFymax;Cas;RFzmin;Cas;RFzmax;Cas;;;;;;;
-;-;daN;-;daN;-;daN;-;daN;-;daN;-;daN;-;;;;;;;
88;B_1;0;1: G+(Ex+0.3Ey);0;9: G+0.8Q+(Ex+0.3Ey);-3475;14: G+0.8Q-(0.3Ex+Ey);1467;5: G+(0.3Ex+Ey);8848;2: G-(Ex+0.3Ey);10077;9: G+0.8Q+(Ex+0.3Ey);;;;;;;
89;C_1;0;1: G+(Ex+0.3Ey);0;9: G+0.8Q+(Ex+0.3Ey);-34161;10: G+0.8Q-(Ex+0.3Ey);34783;1: G+(Ex+0.3Ey);8809;2: G-(Ex+0.3Ey);10632;9: G+0.8Q+(Ex+0.3Ey);;;;;;;
90;D_1;0;1: G+(Ex+0.3Ey);0;9: G+0.8Q+(Ex+0.3Ey);-367;14: G+0.8Q-(0.3Ex+Ey);371;5: G+(0.3Ex+Ey);9449;2: G-(Ex+0.3Ey);10407;9: G+0.8Q+(Ex+0.3Ey);;;;;;;
91;E_1;0;9: G+0.8Q+(Ex+0.3Ey);0;1: G+(Ex+0.3Ey);-22800;2: G-(Ex+0.3Ey);23121;9: G+0.8Q+(Ex+0.3Ey);8894;14: G+0.8Q-(0.3Ex+Ey);11250;5: G+(0.3Ex+Ey);;;;;;;
92;F_1;0;1: G+(Ex+0.3Ey);0;9: G+0.8Q+(Ex+0.3Ey);-364;14: G+0.8Q-(0.3Ex+Ey);364;5: G+(0.3Ex+Ey);9832;2: G-(Ex+0.3Ey);10382;9: G+0.8Q+(Ex+0.3Ey);;;;;;;
93;G_1;0;1: G+(Ex+0.3Ey);0;9: G+0.8Q+(Ex+0.3Ey);-24972;10: G+0.8Q-(Ex+0.3Ey);24657;1: G+(Ex+0.3Ey);8729;10: G+0.8Q-(Ex+0.3Ey);11398;1: G+(Ex+0.3Ey);;;;;;;
94;H_1;0;9: G+0.8Q+(Ex+0.3Ey);0;1: G+(Ex+0.3Ey);-370;6: G-(0.3Ex+Ey);367;13: G+0.8Q+(0.3Ex+Ey);9453;2: G-(Ex+0.3Ey);10403;9: G+0.8Q+(Ex+0.3Ey);;;;;;;
95;I_1;0;1: G+(Ex+0.3Ey);0;9: G+0.8Q+(Ex+0.3Ey);-31662;2: G-(Ex+0.3Ey);31041;9: G+0.8Q+(Ex+0.3Ey);8917;2: G-(Ex+0.3Ey);10534;9: G+0.8Q+(Ex+0.3Ey);;;;;;;
96;J_1;0;9: G+0.8Q+(Ex+0.3Ey);0;1: G+(Ex+0.3Ey);-1506;6: G-(0.3Ex+Ey);3504;13: G+0.8Q+(0.3Ex+Ey);8828;2: G-(Ex+0.3Ey);10086;9: G+0.8Q+(Ex+0.3Ey);;;;;;;
306;K_1;-14;6: G-(0.3Ex+Ey);28;13: G+0.8Q+(0.3Ex+Ey);-94;14: G+0.8Q-(0.3Ex+Ey);88;5: G+(0.3Ex+Ey);507;14: G+0.8Q-(0.3Ex+Ey);523;5: G+(0.3Ex+Ey);;;;;;;
309;A_1;-14;6: G-(0.3Ex+Ey);28;13: G+0.8Q+(0.3Ex+Ey);-88;6: G-(0.3Ex+Ey);94;13: G+0.8Q+(0.3Ex+Ey);507;14: G+0.8Q-(0.3Ex+Ey);523;5: G+(0.3Ex+Ey);;;;;;;
305;K_2;-15;6: G-(0.3Ex+Ey);26;13: G+0.8Q+(0.3Ex+Ey);-80;14: G+0.8Q-(0.3Ex+Ey);74;5: G+(0.3Ex+Ey);656;14: G+0.8Q-(0.3Ex+Ey);687;5: G+(0.3Ex+Ey);;;;;;;
308;A_2;-14;6: G-(0.3Ex+Ey);25;13: G+0.8Q+(0.3Ex+Ey);-73;6: G-(0.3Ex+Ey);78;13: G+0.8Q+(0.3Ex+Ey);654;14: G+0.8Q-(0.3Ex+Ey);688;5: G+(0.3Ex+Ey);;;;;;;
304;K_3;-10909;2: G-(Ex+0.3Ey);10784;9: G+0.8Q+(Ex+0.3Ey);-993;14: G+0.8Q-(0.3Ex+Ey);968;5: G+(0.3Ex+Ey);1305;14: G+0.8Q-(0.3Ex+Ey);1326;5: G+(0.3Ex+Ey);;;;;;;
307;A_3;-9912;10: G+0.8Q-(Ex+0.3Ey);9708;1: G+(Ex+0.3Ey);-958;6: G-(0.3Ex+Ey);979;13: G+0.8Q+(0.3Ex+Ey);1305;14: G+0.8Q-(0.3Ex+Ey);1326;5: G+(0.3Ex+Ey);;;;;;;
4;A_4;-6596;2: G-(Ex+0.3Ey);7225;9: G+0.8Q+(Ex+0.3Ey);-624;6: G-(0.3Ex+Ey);633;13: G+0.8Q+(0.3Ex+Ey);-26065;10: G+0.8Q-(Ex+0.3Ey);28876;1: G+(Ex+0.3Ey);;;;;;;
29;K_4;-6241;2: G-(Ex+0.3Ey);6866;9: G+0.8Q+(Ex+0.3Ey);-388;14: G+0.8Q-(0.3Ex+Ey);383;5: G+(0.3Ex+Ey);-23968;10: G+0.8Q-(Ex+0.3Ey);26347;1: G+(Ex+0.3Ey);;;;;;;
5;A_5;-27;2: G-(Ex+0.3Ey);31;9: G+0.8Q+(Ex+0.3Ey);-844;6: G-(0.3Ex+Ey);848;13: G+0.8Q+(0.3Ex+Ey);1112;6: G-(0.3Ex+Ey);3818;13: G+0.8Q+(0.3Ex+Ey);;;;;;;
28;K_5;-19;2: G-(Ex+0.3Ey);20;9: G+0.8Q+(Ex+0.3Ey);-503;14: G+0.8Q-(0.3Ex+Ey);500;5: G+(0.3Ex+Ey);551;2: G-(Ex+0.3Ey);2599;9: G+0.8Q+(Ex+0.3Ey);;;;;;;
30;K_6;-6517;2: G-(Ex+0.3Ey);5737;9: G+0.8Q+(Ex+0.3Ey);-565;14: G+0.8Q-(0.3Ex+Ey);546;5: G+(0.3Ex+Ey);-22693;2: G-(Ex+0.3Ey);27464;9: G+0.8Q+(Ex+0.3Ey);;;;;;;
6;A_6;-7124;2: G-(Ex+0.3Ey);6463;9: G+0.8Q+(Ex+0.3Ey);-1060;6: G-(0.3Ex+Ey);1109;13: G+0.8Q+(0.3Ex+Ey);-23286;2: G-(Ex+0.3Ey);32898;9: G+0.8Q+(Ex+0.3Ey);;;;;;;
7;A_7;-34;10: G+0.8Q-(Ex+0.3Ey);35;1: G+(Ex+0.3Ey);-1052;6: G-(0.3Ex+Ey);1053;13: G+0.8Q+(0.3Ex+Ey);5365;10: G+0.8Q-(Ex+0.3Ey);5603;1: G+(Ex+0.3Ey);;;;;;;
23;K_7;-23;10: G+0.8Q-(Ex+0.3Ey);23;1: G+(Ex+0.3Ey);-503;14: G+0.8Q-(0.3Ex+Ey);501;5: G+(0.3Ex+Ey);1264;2: G-(Ex+0.3Ey);1275;9: G+0.8Q+(Ex+0.3Ey);;;;;;;
8;A_8;-8646;2: G-(Ex+0.3Ey);9645;9: G+0.8Q+(Ex+0.3Ey);-773;6: G-(0.3Ex+Ey);781;13: G+0.8Q+(0.3Ex+Ey);-24470;2: G-(Ex+0.3Ey);30409;9: G+0.8Q+(Ex+0.3Ey);;;;;;;
27;K_8;-8357;2: G-(Ex+0.3Ey);9567;9: G+0.8Q+(Ex+0.3Ey);-456;14: G+0.8Q-(0.3Ex+Ey);452;5: G+(0.3Ex+Ey);-24058;2: G-(Ex+0.3Ey);29300;9: G+0.8Q+(Ex+0.3Ey);;;;;;;
9;A_9;-34;10: G+0.8Q-(Ex+0.3Ey);33;1: G+(Ex+0.3Ey);-656;6: G-(0.3Ex+Ey);649;13: G+0.8Q+(0.3Ex+Ey);1460;6: G-(0.3Ex+Ey);3345;13: G+0.8Q+(0.3Ex+Ey);;;;;;;
31;K_9;-23;10: G+0.8Q-(Ex+0.3Ey);22;1: G+(Ex+0.3Ey);-397;14: G+0.8Q-(0.3Ex+Ey);399;5: G+(0.3Ex+Ey);1276;6: G-(0.3Ex+Ey);2380;13: G+0.8Q+(0.3Ex+Ey);;;;;;;
10;A_10;-9346;2: G-(Ex+0.3Ey);9089;9: G+0.8Q+(Ex+0.3Ey);-525;6: G-(0.3Ex+Ey);540;13: G+0.8Q+(0.3Ex+Ey);-26306;10: G+0.8Q-(Ex+0.3Ey);32981;1: G+(Ex+0.3Ey);;;;;;;
26;K_10;-9292;2: G-(Ex+0.3Ey);8859;9: G+0.8Q+(Ex+0.3Ey);-359;14: G+0.8Q-(0.3Ex+Ey);352;5: G+(0.3Ex+Ey);-25602;10: G+0.8Q-(Ex+0.3Ey);31583;1: G+(Ex+0.3Ey);;;;;;;
32;K_11;42;2: G-(Ex+0.3Ey);112;9: G+0.8Q+(Ex+0.3Ey);-18115;14: G+0.8Q-(0.3Ex+Ey);13310;5: G+(0.3Ex+Ey);-31344;6: G-(0.3Ex+Ey);47735;13: G+0.8Q+(0.3Ex+Ey);;;;;;;
11;A_11;44;2: G-(Ex+0.3Ey);108;9: G+0.8Q+(Ex+0.3Ey);-13397;6: G-(0.3Ex+Ey);18191;13: G+0.8Q+(0.3Ex+Ey);-31699;6: G-(0.3Ex+Ey);48066;13: G+0.8Q+(0.3Ex+Ey);;;;;;;
36;B_11;-459;10: G+0.8Q-(Ex+0.3Ey);306;1: G+(Ex+0.3Ey);67;6: G-(0.3Ex+Ey);107;13: G+0.8Q+(0.3Ex+Ey);10959;6: G-(0.3Ex+Ey);16695;13: G+0.8Q+(0.3Ex+Ey);;;;;;;
38;C_11;-611;10: G+0.8Q-(Ex+0.3Ey);488;1: G+(Ex+0.3Ey);-17311;14: G+0.8Q-(0.3Ex+Ey);13832;5: G+(0.3Ex+Ey);-23710;6: G-(0.3Ex+Ey);62525;13: G+0.8Q+(0.3Ex+Ey);;;;;;;
34;D_11;-751;10: G+0.8Q-(Ex+0.3Ey);549;1: G+(Ex+0.3Ey);-43;6: G-(0.3Ex+Ey);53;13: G+0.8Q+(0.3Ex+Ey);15949;2: G-(Ex+0.3Ey);17136;9: G+0.8Q+(Ex+0.3Ey);;;;;;;
39;E_11;-931;10: G+0.8Q-(Ex+0.3Ey);830;1: G+(Ex+0.3Ey);-56;14: G+0.8Q-(0.3Ex+Ey);55;5: G+(0.3Ex+Ey);18321;14: G+0.8Q-(0.3Ex+Ey);20620;5: G+(0.3Ex+Ey);;;;;;;
35;F_11;-1015;2: G-(Ex+0.3Ey);794;9: G+0.8Q+(Ex+0.3Ey);-45;6: G-(0.3Ex+Ey);45;13: G+0.8Q+(0.3Ex+Ey);16227;2: G-(Ex+0.3Ey);17101;9: G+0.8Q+(Ex+0.3Ey);;;;;;;
33;G_11;-950;10: G+0.8Q-(Ex+0.3Ey);850;1: G+(Ex+0.3Ey);-55;6: G-(0.3Ex+Ey);56;13: G+0.8Q+(0.3Ex+Ey);18275;14: G+0.8Q-(0.3Ex+Ey);20645;5: G+(0.3Ex+Ey);;;;;;;
37;H_11;-755;10: G+0.8Q-(Ex+0.3Ey);554;1: G+(Ex+0.3Ey);-52;14: G+0.8Q-(0.3Ex+Ey);43;5: G+(0.3Ex+Ey);15963;2: G-(Ex+0.3Ey);17121;9: G+0.8Q+(Ex+0.3Ey);;;;;;;
40;I_11;-624;10: G+0.8Q-(Ex+0.3Ey);501;1: G+(Ex+0.3Ey);-13793;6: G-(0.3Ex+Ey);17261;13: G+0.8Q+(0.3Ex+Ey);-23194;6: G-(0.3Ex+Ey);61990;13: G+0.8Q+(0.3Ex+Ey);;;;;;;
41;J_11;-463;10: G+0.8Q-(Ex+0.3Ey);310;1: G+(Ex+0.3Ey);-107;14: G+0.8Q-(0.3Ex+Ey);-67;5: G+(0.3Ex+Ey);11093;6: G-(0.3Ex+Ey);16557;13: G+0.8Q+(0.3Ex+Ey);;;;;;;
;;;;;;;;;;;;;;;;;;;;
EX;;;;;;;;;;;;;;;;;;;;
;;;;;;;;;;;;;;;;;;;;
Enveloppe : Réactions aux appuis;;;;;;;;;;;;;;;;;;;;
Groupe : Points hors groupes typés (Repère global);;;;;;;;;;;;;;;;;;;;
Point;Nom point;RFxmin;Cas;RFxmax;Cas;RFymin;Cas;RFymax;Cas;RFzmin;Cas;RFzmax;Cas;;;;;;;
-;-;daN;-;daN;-;daN;-;daN;-;daN;-;daN;-;;;;;;;
88;B_1;0;1: +(Ex);0;1: +(Ex);-1675;2: -(Ex);1675;1: +(Ex);-486;2: -(Ex);486;1: +(Ex);;;;;;;
89;C_1;0;1: +(Ex);0;1: +(Ex);-31178;2: -(Ex);31178;1: +(Ex);-750;2: -(Ex);750;1: +(Ex);;;;;;;
90;D_1;0;1: +(Ex);0;1: +(Ex);-25;2: -(Ex);25;1: +(Ex);-363;2: -(Ex);363;1: +(Ex);;;;;;;
91;E_1;0;1: +(Ex);0;1: +(Ex);-19801;2: -(Ex);19801;1: +(Ex);-685;2: -(Ex);685;1: +(Ex);;;;;;;
92;F_1;0;1: +(Ex);0;1: +(Ex);-1;2: -(Ex);1;1: +(Ex);-270;2: -(Ex);270;1: +(Ex);;;;;;;
93;G_1;0;1: +(Ex);0;1: +(Ex);-21120;2: -(Ex);21120;1: +(Ex);-1043;2: -(Ex);1043;1: +(Ex);;;;;;;
94;H_1;0;1: +(Ex);0;1: +(Ex);-24;2: -(Ex);24;1: +(Ex);-357;2: -(Ex);357;1: +(Ex);;;;;;;
95;I_1;0;1: +(Ex);0;1: +(Ex);-28557;2: -(Ex);28557;1: +(Ex);-643;2: -(Ex);643;1: +(Ex);;;;;;;
96;J_1;0;1: +(Ex);0;1: +(Ex);-1816;2: -(Ex);1816;1: +(Ex);-489;2: -(Ex);489;1: +(Ex);;;;;;;
306;K_1;-13;2: -(Ex);13;1: +(Ex);-5;2: -(Ex);5;1: +(Ex);-5;2: -(Ex);5;1: +(Ex);;;;;;;
309;A_1;-13;2: -(Ex);13;1: +(Ex);-5;2: -(Ex);5;1: +(Ex);-5;2: -(Ex);5;1: +(Ex);;;;;;;
305;K_2;-11;2: -(Ex);11;1: +(Ex);-9;2: -(Ex);9;1: +(Ex);-9;2: -(Ex);9;1: +(Ex);;;;;;;
308;A_2;-11;2: -(Ex);11;1: +(Ex);-7;2: -(Ex);7;1: +(Ex);-9;2: -(Ex);9;1: +(Ex);;;;;;;
304;K_3;-10479;2: -(Ex);10479;1: +(Ex);-33;2: -(Ex);33;1: +(Ex);-8;2: -(Ex);8;1: +(Ex);;;;;;;
307;A_3;-9454;2: -(Ex);9454;1: +(Ex);-15;2: -(Ex);15;1: +(Ex);-7;2: -(Ex);7;1: +(Ex);;;;;;;
4;A_4;-6710;2: -(Ex);6710;1: +(Ex);-27;2: -(Ex);27;1: +(Ex);-25999;2: -(Ex);25999;1: +(Ex);;;;;;;
29;K_4;-6347;2: -(Ex);6347;1: +(Ex);-17;2: -(Ex);17;1: +(Ex);-24024;2: -(Ex);24024;1: +(Ex);;;;;;;
5;A_5;-27;2: -(Ex);27;1: +(Ex);-21;2: -(Ex);21;1: +(Ex);-415;2: -(Ex);415;1: +(Ex);;;;;;;
28;K_5;-18;2: -(Ex);18;1: +(Ex);-15;2: -(Ex);15;1: +(Ex);-830;2: -(Ex);830;1: +(Ex);;;;;;;
30;K_6;-5947;2: -(Ex);5947;1: +(Ex);-14;2: -(Ex);14;1: +(Ex);-24134;2: -(Ex);24134;1: +(Ex);;;;;;;
6;A_6;-6578;2: -(Ex);6578;1: +(Ex);-19;2: -(Ex);19;1: +(Ex);-27001;2: -(Ex);27001;1: +(Ex);;;;;;;
7;A_7;-33;2: -(Ex);33;1: +(Ex);-12;2: -(Ex);12;1: +(Ex);-107;2: -(Ex);107;1: +(Ex);;;;;;;
23;K_7;-22;2: -(Ex);22;1: +(Ex);-8;2: -(Ex);8;1: +(Ex);-4;2: -(Ex);4;1: +(Ex);;;;;;;
8;A_8;-8507;2: -(Ex);8507;1: +(Ex);-23;2: -(Ex);23;1: +(Ex);-25124;2: -(Ex);25124;1: +(Ex);;;;;;;
27;K_8;-8384;2: -(Ex);8384;1: +(Ex);-18;2: -(Ex);18;1: +(Ex);-24583;2: -(Ex);24583;1: +(Ex);;;;;;;
9;A_9;-30;2: -(Ex);30;1: +(Ex);-39;2: -(Ex);39;1: +(Ex);-508;2: -(Ex);508;1: +(Ex);;;;;;;
31;K_9;-20;2: -(Ex);20;1: +(Ex);-36;2: -(Ex);36;1: +(Ex);-396;2: -(Ex);396;1: +(Ex);;;;;;;
10;A_10;-8635;2: -(Ex);8635;1: +(Ex);-26;2: -(Ex);26;1: +(Ex);-26855;2: -(Ex);26855;1: +(Ex);;;;;;;
26;K_10;-8549;2: -(Ex);8549;1: +(Ex);-39;2: -(Ex);39;1: +(Ex);-26192;2: -(Ex);26192;1: +(Ex);;;;;;;
32;K_11;-33;2: -(Ex);33;1: +(Ex);-1991;2: -(Ex);1991;1: +(Ex);-6567;2: -(Ex);6567;1: +(Ex);;;;;;;
11;A_11;-31;2: -(Ex);31;1: +(Ex);-2022;2: -(Ex);2022;1: +(Ex);-6620;2: -(Ex);6620;1: +(Ex);;;;;;;
36;B_11;-349;2: -(Ex);349;1: +(Ex);-3;2: -(Ex);3;1: +(Ex);-801;2: -(Ex);801;1: +(Ex);;;;;;;
38;C_11;-488;2: -(Ex);488;1: +(Ex);-1868;2: -(Ex);1868;1: +(Ex);-7542;2: -(Ex);7542;1: +(Ex);;;;;;;
34;D_11;-600;2: -(Ex);600;1: +(Ex);-12;2: -(Ex);12;1: +(Ex);-477;2: -(Ex);477;1: +(Ex);;;;;;;
39;E_11;-835;2: -(Ex);835;1: +(Ex);-1;2: -(Ex);1;1: +(Ex);-451;2: -(Ex);451;1: +(Ex);;;;;;;
35;F_11;-894;2: -(Ex);894;1: +(Ex);-1;2: -(Ex);1;1: +(Ex);-423;2: -(Ex);423;1: +(Ex);;;;;;;
33;G_11;-856;2: -(Ex);856;1: +(Ex);-1;2: -(Ex);1;1: +(Ex);-471;2: -(Ex);471;1: +(Ex);;;;;;;
37;H_11;-602;2: -(Ex);602;1: +(Ex);-12;2: -(Ex);12;1: +(Ex);-459;2: -(Ex);459;1: +(Ex);;;;;;;
40;I_11;-498;2: -(Ex);498;1: +(Ex);-1852;2: -(Ex);1852;1: +(Ex);-7475;2: -(Ex);7475;1: +(Ex);;;;;;;
41;J_11;-352;2: -(Ex);352;1: +(Ex);-3;2: -(Ex);3;1: +(Ex);-762;2: -(Ex);762;1: +(Ex);;;;;;;
;;;;;;;;;;;;;;;;;;;;
EY;;;;;;;;;;;;;;;;;;;;
;;;;;;;;;;;;;;;;;;;;
Enveloppe : Réactions aux appuis;;;;;;;;;;;;;;;;;;;;
Groupe : Points hors groupes typés (Repère global);;;;;;;;;;;;;;;;;;;;
Point;Nom point;RFxmin;Cas;RFxmax;Cas;RFymin;Cas;RFymax;Cas;RFzmin;Cas;RFzmax;Cas;;;;;;;
-;-;daN;-;daN;-;daN;-;daN;-;daN;-;daN;-;;;;;;;
88;B_1;0;1: +(+Ey);0;1: +(+Ey);-1966;2: -(+Ey);1966;1: +(+Ey);-375;2: -(+Ey);375;1: +(+Ey);;;;;;;
89;C_1;0;1: +(+Ey);0;1: +(+Ey);-10976;2: -(+Ey);10976;1: +(+Ey);-485;2: -(+Ey);485;1: +(+Ey);;;;;;;
90;D_1;0;1: +(+Ey);0;1: +(+Ey);-361;2: -(+Ey);361;1: +(+Ey);-334;2: -(+Ey);334;1: +(+Ey);;;;;;;
91;E_1;0;1: +(+Ey);0;1: +(+Ey);-10515;2: -(+Ey);10515;1: +(+Ey);-972;2: -(+Ey);972;1: +(+Ey);;;;;;;
92;F_1;0;1: +(+Ey);0;1: +(+Ey);-364;2: -(+Ey);364;1: +(+Ey);-17;2: -(+Ey);17;1: +(+Ey);;;;;;;
93;G_1;0;1: +(+Ey);0;1: +(+Ey);-12300;2: -(+Ey);12300;1: +(+Ey);-969;2: -(+Ey);969;1: +(+Ey);;;;;;;
94;H_1;0;1: +(+Ey);0;1: +(+Ey);-361;2: -(+Ey);361;1: +(+Ey);-339;2: -(+Ey);339;1: +(+Ey);;;;;;;
95;I_1;0;1: +(+Ey);0;1: +(+Ey);-9311;2: -(+Ey);9311;1: +(+Ey);-497;2: -(+Ey);497;1: +(+Ey);;;;;;;
96;J_1;0;1: +(+Ey);0;1: +(+Ey);-1957;2: -(+Ey);1957;1: +(+Ey);-415;2: -(+Ey);415;1: +(+Ey);;;;;;;
306;K_1;-17;2: -(+Ey);17;1: +(+Ey);-90;2: -(+Ey);90;1: +(+Ey);-6;2: -(+Ey);6;1: +(+Ey);;;;;;;
309;A_1;-17;2: -(+Ey);17;1: +(+Ey);-90;2: -(+Ey);90;1: +(+Ey);-6;2: -(+Ey);6;1: +(+Ey);;;;;;;
305;K_2;-17;2: -(+Ey);17;1: +(+Ey);-74;2: -(+Ey);74;1: +(+Ey);-13;2: -(+Ey);13;1: +(+Ey);;;;;;;
308;A_2;-17;2: -(+Ey);17;1: +(+Ey);-73;2: -(+Ey);73;1: +(+Ey);-14;2: -(+Ey);14;1: +(+Ey);;;;;;;
304;K_3;-1226;2: -(+Ey);1226;1: +(+Ey);-971;2: -(+Ey);971;1: +(+Ey);-8;2: -(+Ey);8;1: +(+Ey);;;;;;;
307;A_3;-1187;2: -(+Ey);1187;1: +(+Ey);-964;2: -(+Ey);964;1: +(+Ey);-8;2: -(+Ey);8;1: +(+Ey);;;;;;;
4;A_4;-670;2: -(+Ey);670;1: +(+Ey);-620;2: -(+Ey);620;1: +(+Ey);-4900;2: -(+Ey);4900;1: +(+Ey);;;;;;;
29;K_4;-688;2: -(+Ey);688;1: +(+Ey);-380;2: -(+Ey);380;1: +(+Ey);-3778;2: -(+Ey);3778;1: +(+Ey);;;;;;;
5;A_5;-7;2: -(+Ey);7;1: +(+Ey);-840;2: -(+Ey);840;1: +(+Ey);-1228;2: -(+Ey);1228;1: +(+Ey);;;;;;;
28;K_5;-4;2: -(+Ey);4;1: +(+Ey);-496;2: -(+Ey);496;1: +(+Ey);-645;2: -(+Ey);645;1: +(+Ey);;;;;;;
30;K_6;-600;2: -(+Ey);600;1: +(+Ey);-551;2: -(+Ey);551;1: +(+Ey);-3150;2: -(+Ey);3150;1: +(+Ey);;;;;;;
6;A_6;-720;2: -(+Ey);720;1: +(+Ey);-1078;2: -(+Ey);1078;1: +(+Ey);-3636;2: -(+Ey);3636;1: +(+Ey);;;;;;;
7;A_7;-5;2: -(+Ey);5;1: +(+Ey);-1048;2: -(+Ey);1048;1: +(+Ey);-42;2: -(+Ey);42;1: +(+Ey);;;;;;;
23;K_7;-3;2: -(+Ey);3;1: +(+Ey);-499;2: -(+Ey);499;1: +(+Ey);-3;2: -(+Ey);3;1: +(+Ey);;;;;;;
8;A_8;-2126;2: -(+Ey);2126;1: +(+Ey);-770;2: -(+Ey);770;1: +(+Ey);-7703;2: -(+Ey);7703;1: +(+Ey);;;;;;;
27;K_8;-1921;2: -(+Ey);1921;1: +(+Ey);-448;2: -(+Ey);448;1: +(+Ey);-6972;2: -(+Ey);6972;1: +(+Ey);;;;;;;
9;A_9;-13;2: -(+Ey);13;1: +(+Ey);-641;2: -(+Ey);641;1: +(+Ey);-790;2: -(+Ey);790;1: +(+Ey);;;;;;;
31;K_9;-8;2: -(+Ey);8;1: +(+Ey);-387;2: -(+Ey);387;1: +(+Ey);-433;2: -(+Ey);433;1: +(+Ey);;;;;;;
10;A_10;-1940;2: -(+Ey);1940;1: +(+Ey);-524;2: -(+Ey);524;1: +(+Ey);-9273;2: -(+Ey);9273;1: +(+Ey);;;;;;;
26;K_10;-1752;2: -(+Ey);1752;1: +(+Ey);-343;2: -(+Ey);343;1: +(+Ey);-7985;2: -(+Ey);7985;1: +(+Ey);;;;;;;
32;K_11;-6;2: -(+Ey);6;1: +(+Ey);-15111;2: -(+Ey);15111;1: +(+Ey);-37564;2: -(+Ey);37564;1: +(+Ey);;;;;;;
11;A_11;-5;2: -(+Ey);5;1: +(+Ey);-15184;2: -(+Ey);15184;1: +(+Ey);-37892;2: -(+Ey);37892;1: +(+Ey);;;;;;;
36;B_11;-108;2: -(+Ey);108;1: +(+Ey);-19;2: -(+Ey);19;1: +(+Ey);-2612;2: -(+Ey);2612;1: +(+Ey);;;;;;;
38;C_11;-201;2: -(+Ey);201;1: +(+Ey);-15010;2: -(+Ey);15010;1: +(+Ey);-40821;2: -(+Ey);40821;1: +(+Ey);;;;;;;
34;D_11;-164;2: -(+Ey);164;1: +(+Ey);-44;2: -(+Ey);44;1: +(+Ey);-302;2: -(+Ey);302;1: +(+Ey);;;;;;;
39;E_11;-154;2: -(+Ey);154;1: +(+Ey);-55;2: -(+Ey);55;1: +(+Ey);-1014;2: -(+Ey);1014;1: +(+Ey);;;;;;;
35;F_11;-34;2: -(+Ey);34;1: +(+Ey);-45;2: -(+Ey);45;1: +(+Ey);-45;2: -(+Ey);45;1: +(+Ey);;;;;;;
33;G_11;-146;2: -(+Ey);146;1: +(+Ey);-55;2: -(+Ey);55;1: +(+Ey);-1043;2: -(+Ey);1043;1: +(+Ey);;;;;;;
37;H_11;-174;2: -(+Ey);174;1: +(+Ey);-44;2: -(+Ey);44;1: +(+Ey);-312;2: -(+Ey);312;1: +(+Ey);;;;;;;
40;I_11;-211;2: -(+Ey);211;1: +(+Ey);-14970;2: -(+Ey);14970;1: +(+Ey);-40316;2: -(+Ey);40316;1: +(+Ey);;;;;;;
41;J_11;-112;2: -(+Ey);112;1: +(+Ey);-19;2: -(+Ey);19;1: +(+Ey);-2488;2: -(+Ey);2488;1: +(+Ey);;;;;;;
